__builtin_msa_add_a_b	v16i8	v16i8 a, v16i8 b
__builtin_msa_add_a_d	v2i64	v2i64 a, v2i64 b
__builtin_msa_add_a_h	v8i16	v8i16 a, v8i16 b
__builtin_msa_add_a_w	v4i32	v4i32 a, v4i32 b
__builtin_msa_adds_a_b	v16i8	v16i8 a, v16i8 b
__builtin_msa_adds_a_d	v2i64	v2i64 a, v2i64 b
__builtin_msa_adds_a_h	v8i16	v8i16 a, v8i16 b
__builtin_msa_adds_a_w	v4i32	v4i32 a, v4i32 b
__builtin_msa_adds_s_b	v16i8	v16i8 a, v16i8 b
__builtin_msa_adds_s_d	v2i64	v2i64 a, v2i64 b
__builtin_msa_adds_s_h	v8i16	v8i16 a, v8i16 b
__builtin_msa_adds_s_w	v4i32	v4i32 a, v4i32 b
__builtin_msa_adds_u_b	v16u8	v16u8 a, v16u8 b
__builtin_msa_adds_u_d	v2u64	v2u64 a, v2u64 b
__builtin_msa_adds_u_h	v8u16	v8u16 a, v8u16 b
__builtin_msa_adds_u_w	v4u32	v4u32 a, v4u32 b
__builtin_msa_addv_b	v16i8	v16i8 a, v16i8 b
__builtin_msa_addv_d	v2i64	v2i64 a, v2i64 b
__builtin_msa_addv_h	v8i16	v8i16 a, v8i16 b
__builtin_msa_addv_w	v4i32	v4i32 a, v4i32 b
__builtin_msa_addvi_b	v16i8	v16i8 a, int imm0_31
__builtin_msa_addvi_d	v2i64	v2i64 a, int imm0_31
__builtin_msa_addvi_h	v8i16	v8i16 a, int imm0_31
__builtin_msa_addvi_w	v4i32	v4i32 a, int imm0_31
__builtin_msa_and_v	v16u8	v16u8 a, v16u8 b
__builtin_msa_andi_b	v16u8	v16u8 a, int imm0_255
__builtin_msa_asub_s_b	v16i8	v16i8 a, v16i8 b
__builtin_msa_asub_s_d	v2i64	v2i64 a, v2i64 b
__builtin_msa_asub_s_h	v8i16	v8i16 a, v8i16 b
__builtin_msa_asub_s_w	v4i32	v4i32 a, v4i32 b
__builtin_msa_asub_u_b	v16u8	v16u8 a, v16u8 b
__builtin_msa_asub_u_d	v2u64	v2u64 a, v2u64 b
__builtin_msa_asub_u_h	v8u16	v8u16 a, v8u16 b
__builtin_msa_asub_u_w	v4u32	v4u32 a, v4u32 b
__builtin_msa_ave_s_b	v16i8	v16i8 a, v16i8 b
__builtin_msa_ave_s_d	v2i64	v2i64 a, v2i64 b
__builtin_msa_ave_s_h	v8i16	v8i16 a, v8i16 b
__builtin_msa_ave_s_w	v4i32	v4i32 a, v4i32 b
__builtin_msa_ave_u_b	v16u8	v16u8 a, v16u8 b
__builtin_msa_ave_u_d	v2u64	v2u64 a, v2u64 b
__builtin_msa_ave_u_h	v8u16	v8u16 a, v8u16 b
__builtin_msa_ave_u_w	v4u32	v4u32 a, v4u32 b
__builtin_msa_aver_s_b	v16i8	v16i8 a, v16i8 b
__builtin_msa_aver_s_d	v2i64	v2i64 a, v2i64 b
__builtin_msa_aver_s_h	v8i16	v8i16 a, v8i16 b
__builtin_msa_aver_s_w	v4i32	v4i32 a, v4i32 b
__builtin_msa_aver_u_b	v16u8	v16u8 a, v16u8 b
__builtin_msa_aver_u_d	v2u64	v2u64 a, v2u64 b
__builtin_msa_aver_u_h	v8u16	v8u16 a, v8u16 b
__builtin_msa_aver_u_w	v4u32	v4u32 a, v4u32 b
__builtin_msa_bclr_b	v16u8	v16u8 a, v16u8 b
__builtin_msa_bclr_d	v2u64	v2u64 a, v2u64 b
__builtin_msa_bclr_h	v8u16	v8u16 a, v8u16 b
__builtin_msa_bclr_w	v4u32	v4u32 a, v4u32 b
__builtin_msa_bclri_b	v16u8	v16u8 a, int imm0_7
__builtin_msa_bclri_d	v2u64	v2u64 a, int imm0_63
__builtin_msa_bclri_h	v8u16	v8u16 a, int imm0_15
__builtin_msa_bclri_w	v4u32	v4u32 a, int imm0_31
__builtin_msa_binsl_b	v16u8	v16u8 a, v16u8 b, v16u8 c
__builtin_msa_binsl_d	v2u64	v2u64 a, v2u64 b, v2u64 c
__builtin_msa_binsl_h	v8u16	v8u16 a, v8u16 b, v8u16 c
__builtin_msa_binsl_w	v4u32	v4u32 a, v4u32 b, v4u32 c
__builtin_msa_binsli_b	v16u8	v16u8 a, v16u8 b, int imm0_7
__builtin_msa_binsli_d	v2u64	v2u64 a, v2u64 b, int imm0_63
__builtin_msa_binsli_h	v8u16	v8u16 a, v8u16 b, int imm0_15
__builtin_msa_binsli_w	v4u32	v4u32 a, v4u32 b, int imm0_31
__builtin_msa_binsr_b	v16u8	v16u8 a, v16u8 b, v16u8 c
__builtin_msa_binsr_d	v2u64	v2u64 a, v2u64 b, v2u64 c
__builtin_msa_binsr_h	v8u16	v8u16 a, v8u16 b, v8u16 c
__builtin_msa_binsr_w	v4u32	v4u32 a, v4u32 b, v4u32 c
__builtin_msa_binsri_b	v16u8	v16u8 a, v16u8 b, int imm0_7
__builtin_msa_binsri_d	v2u64	v2u64 a, v2u64 b, int imm0_63
__builtin_msa_binsri_h	v8u16	v8u16 a, v8u16 b, int imm0_15
__builtin_msa_binsri_w	v4u32	v4u32 a, v4u32 b, int imm0_31
__builtin_msa_bmnz_v	v16u8	v16u8 a, v16u8 b, v16u8 c
__builtin_msa_bmnzi_b	v16u8	v16u8 a, v16u8 b, int imm0_255
__builtin_msa_bmz_v	v16u8	v16u8 a, v16u8 b, v16u8 c
__builtin_msa_bmzi_b	v16u8	v16u8 a, v16u8 b, int imm0_255
__builtin_msa_bneg_b	v16u8	v16u8 a, v16u8 b
__builtin_msa_bneg_d	v2u64	v2u64 a, v2u64 b
__builtin_msa_bneg_h	v8u16	v8u16 a, v8u16 b
__builtin_msa_bneg_w	v4u32	v4u32 a, v4u32 b
__builtin_msa_bnegi_b	v16u8	v16u8 a, int imm0_7
__builtin_msa_bnegi_d	v2u64	v2u64 a, int imm0_63
__builtin_msa_bnegi_h	v8u16	v8u16 a, int imm0_15
__builtin_msa_bnegi_w	v4u32	v4u32 a, int imm0_31
__builtin_msa_bnz_b	i32	v16u8 a
__builtin_msa_bnz_d	i32	v2u64 a
__builtin_msa_bnz_h	i32	v8u16 a
__builtin_msa_bnz_v	i32	v16u8 a
__builtin_msa_bnz_w	i32	v4u32 a
__builtin_msa_bsel_v	v16u8	v16u8 a, v16u8 b, v16u8 c
__builtin_msa_bseli_b	v16u8	v16u8 a, v16u8 b, int imm0_255
__builtin_msa_bset_b	v16u8	v16u8 a, v16u8 b
__builtin_msa_bset_d	v2u64	v2u64 a, v2u64 b
__builtin_msa_bset_h	v8u16	v8u16 a, v8u16 b
__builtin_msa_bset_w	v4u32	v4u32 a, v4u32 b
__builtin_msa_bseti_b	v16u8	v16u8 a, int imm0_7
__builtin_msa_bseti_d	v2u64	v2u64 a, int imm0_63
__builtin_msa_bseti_h	v8u16	v8u16 a, int imm0_15
__builtin_msa_bseti_w	v4u32	v4u32 a, int imm0_31
__builtin_msa_bz_b	i32	v16u8 a
__builtin_msa_bz_d	i32	v2u64 a
__builtin_msa_bz_h	i32	v8u16 a
__builtin_msa_bz_v	i32	v16u8 a
__builtin_msa_bz_w	i32	v4u32 a
__builtin_msa_ceq_b	v16i8	v16i8 a, v16i8 b
__builtin_msa_ceq_d	v2i64	v2i64 a, v2i64 b
__builtin_msa_ceq_h	v8i16	v8i16 a, v8i16 b
__builtin_msa_ceq_w	v4i32	v4i32 a, v4i32 b
__builtin_msa_ceqi_b	v16i8	v16i8 a, int imm_n16_15
__builtin_msa_ceqi_d	v2i64	v2i64 a, int imm_n16_15
__builtin_msa_ceqi_h	v8i16	v8i16 a, int imm_n16_15
__builtin_msa_ceqi_w	v4i32	v4i32 a, int imm_n16_15
__builtin_msa_cfcmsa	i32	int imm0_31
__builtin_msa_cle_s_b	v16i8	v16i8 a, v16i8 b
__builtin_msa_cle_s_d	v2i64	v2i64 a, v2i64 b
__builtin_msa_cle_s_h	v8i16	v8i16 a, v8i16 b
__builtin_msa_cle_s_w	v4i32	v4i32 a, v4i32 b
__builtin_msa_cle_u_b	v16i8	v16u8 a, v16u8 b
__builtin_msa_cle_u_d	v2i64	v2u64 a, v2u64 b
__builtin_msa_cle_u_h	v8i16	v8u16 a, v8u16 b
__builtin_msa_cle_u_w	v4i32	v4u32 a, v4u32 b
__builtin_msa_clei_s_b	v16i8	v16i8 a, int imm_n16_15
__builtin_msa_clei_s_d	v2i64	v2i64 a, int imm_n16_15
__builtin_msa_clei_s_h	v8i16	v8i16 a, int imm_n16_15
__builtin_msa_clei_s_w	v4i32	v4i32 a, int imm_n16_15
__builtin_msa_clei_u_b	v16i8	v16u8 a, int imm0_31
__builtin_msa_clei_u_d	v2i64	v2u64 a, int imm0_31
__builtin_msa_clei_u_h	v8i16	v8u16 a, int imm0_31
__builtin_msa_clei_u_w	v4i32	v4u32 a, int imm0_31
__builtin_msa_clt_s_b	v16i8	v16i8 a, v16i8 b
__builtin_msa_clt_s_d	v2i64	v2i64 a, v2i64 b
__builtin_msa_clt_s_h	v8i16	v8i16 a, v8i16 b
__builtin_msa_clt_s_w	v4i32	v4i32 a, v4i32 b
__builtin_msa_clt_u_b	v16i8	v16u8 a, v16u8 b
__builtin_msa_clt_u_d	v2i64	v2u64 a, v2u64 b
__builtin_msa_clt_u_h	v8i16	v8u16 a, v8u16 b
__builtin_msa_clt_u_w	v4i32	v4u32 a, v4u32 b
__builtin_msa_clti_s_b	v16i8	v16i8 a, int imm_n16_15
__builtin_msa_clti_s_d	v2i64	v2i64 a, int imm_n16_15
__builtin_msa_clti_s_h	v8i16	v8i16 a, int imm_n16_15
__builtin_msa_clti_s_w	v4i32	v4i32 a, int imm_n16_15
__builtin_msa_clti_u_b	v16i8	v16u8 a, int imm0_31
__builtin_msa_clti_u_d	v2i64	v2u64 a, int imm0_31
__builtin_msa_clti_u_h	v8i16	v8u16 a, int imm0_31
__builtin_msa_clti_u_w	v4i32	v4u32 a, int imm0_31
__builtin_msa_copy_s_b	i32	v16i8 a, int imm0_15
__builtin_msa_copy_s_d	i64	v2i64 a, int imm0_1
__builtin_msa_copy_s_h	i32	v8i16 a, int imm0_7
__builtin_msa_copy_s_w	i32	v4i32 a, int imm0_3
__builtin_msa_copy_u_b	u32	v16i8 a, int imm0_15
__builtin_msa_copy_u_d	u64	v2i64 a, int imm0_1
__builtin_msa_copy_u_h	u32	v8i16 a, int imm0_7
__builtin_msa_copy_u_w	u32	v4i32 a, int imm0_3
__builtin_msa_ctcmsa	void	int imm0_31, i32 imm
__builtin_msa_div_s_b	v16i8	v16i8 a, v16i8 b
__builtin_msa_div_s_d	v2i64	v2i64 a, v2i64 b
__builtin_msa_div_s_h	v8i16	v8i16 a, v8i16 b
__builtin_msa_div_s_w	v4i32	v4i32 a, v4i32 b
__builtin_msa_div_u_b	v16u8	v16u8 a, v16u8 b
__builtin_msa_div_u_d	v2u64	v2u64 a, v2u64 b
__builtin_msa_div_u_h	v8u16	v8u16 a, v8u16 b
__builtin_msa_div_u_w	v4u32	v4u32 a, v4u32 b
__builtin_msa_dotp_s_d	v2i64	v4i32 a, v4i32 b
__builtin_msa_dotp_s_h	v8i16	v16i8 a, v16i8 b
__builtin_msa_dotp_s_w	v4i32	v8i16 a, v8i16 b
__builtin_msa_dotp_u_d	v2u64	v4u32 a, v4u32 b
__builtin_msa_dotp_u_h	v8u16	v16u8 a, v16u8 b
__builtin_msa_dotp_u_w	v4u32	v8u16 a, v8u16 b
__builtin_msa_dpadd_s_d	v2i64	v2i64 a, v4i32 b, v4i32 c
__builtin_msa_dpadd_s_h	v8i16	v8i16 a, v16i8 b, v16i8 c
__builtin_msa_dpadd_s_w	v4i32	v4i32 a, v8i16 b, v8i16 c
__builtin_msa_dpadd_u_d	v2u64	v2u64 a, v4u32 b, v4u32 c
__builtin_msa_dpadd_u_h	v8u16	v8u16 a, v16u8 b, v16u8 c
__builtin_msa_dpadd_u_w	v4u32	v4u32 a, v8u16 b, v8u16 c
__builtin_msa_dpsub_s_d	v2i64	v2i64 a, v4i32 b, v4i32 c
__builtin_msa_dpsub_s_h	v8i16	v8i16 a, v16i8 b, v16i8 c
__builtin_msa_dpsub_s_w	v4i32	v4i32 a, v8i16 b, v8i16 c
__builtin_msa_dpsub_u_d	v2i64	v2i64 a, v4u32 b, v4u32 c
__builtin_msa_dpsub_u_h	v8i16	v8i16 a, v16u8 b, v16u8 c
__builtin_msa_dpsub_u_w	v4i32	v4i32 a, v8u16 b, v8u16 c
__builtin_msa_fadd_d	v2f64	v2f64 a, v2f64 b
__builtin_msa_fadd_w	v4f32	v4f32 a, v4f32 b
__builtin_msa_fcaf_d	v2i64	v2f64 a, v2f64 b
__builtin_msa_fcaf_w	v4i32	v4f32 a, v4f32 b
__builtin_msa_fceq_d	v2i64	v2f64 a, v2f64 b
__builtin_msa_fceq_w	v4i32	v4f32 a, v4f32 b
__builtin_msa_fclass_d	v2i64	v2f64 a
__builtin_msa_fclass_w	v4i32	v4f32 a
__builtin_msa_fcle_d	v2i64	v2f64 a, v2f64 b
__builtin_msa_fcle_w	v4i32	v4f32 a, v4f32 b
__builtin_msa_fclt_d	v2i64	v2f64 a, v2f64 b
__builtin_msa_fclt_w	v4i32	v4f32 a, v4f32 b
__builtin_msa_fcne_d	v2i64	v2f64 a, v2f64 b
__builtin_msa_fcne_w	v4i32	v4f32 a, v4f32 b
__builtin_msa_fcor_d	v2i64	v2f64 a, v2f64 b
__builtin_msa_fcor_w	v4i32	v4f32 a, v4f32 b
__builtin_msa_fcueq_d	v2i64	v2f64 a, v2f64 b
__builtin_msa_fcueq_w	v4i32	v4f32 a, v4f32 b
__builtin_msa_fcule_d	v2i64	v2f64 a, v2f64 b
__builtin_msa_fcule_w	v4i32	v4f32 a, v4f32 b
__builtin_msa_fcult_d	v2i64	v2f64 a, v2f64 b
__builtin_msa_fcult_w	v4i32	v4f32 a, v4f32 b
__builtin_msa_fcun_d	v2i64	v2f64 a, v2f64 b
__builtin_msa_fcun_w	v4i32	v4f32 a, v4f32 b
__builtin_msa_fcune_d	v2i64	v2f64 a, v2f64 b
__builtin_msa_fcune_w	v4i32	v4f32 a, v4f32 b
__builtin_msa_fdiv_d	v2f64	v2f64 a, v2f64 b
__builtin_msa_fdiv_w	v4f32	v4f32 a, v4f32 b
__builtin_msa_fexdo_h	v8i16	v4f32 a, v4f32 b
__builtin_msa_fexdo_w	v4f32	v2f64 a, v2f64 b
__builtin_msa_fexp2_d	v2f64	v2f64 a, v2i64 b
__builtin_msa_fexp2_w	v4f32	v4f32 a, v4i32 b
__builtin_msa_fexupl_d	v2f64	v4f32 a
__builtin_msa_fexupl_w	v4f32	v8i16 a
__builtin_msa_fexupr_d	v2f64	v4f32 a
__builtin_msa_fexupr_w	v4f32	v8i16 a
__builtin_msa_ffint_s_d	v2f64	v2i64 a
__builtin_msa_ffint_s_w	v4f32	v4i32 a
__builtin_msa_ffint_u_d	v2f64	v2u64 a
__builtin_msa_ffint_u_w	v4f32	v4u32 a
__builtin_msa_ffql_d	v2f64	v4i32 a
__builtin_msa_ffql_w	v4f32	v8i16 a
__builtin_msa_ffqr_d	v2f64	v4i32 a
__builtin_msa_ffqr_w	v4f32	v8i16 a
__builtin_msa_fill_b	v16i8	i32 imm
__builtin_msa_fill_d	v2i64	i64 imm
__builtin_msa_fill_h	v8i16	i32 imm
__builtin_msa_fill_w	v4i32	i32 imm
__builtin_msa_flog2_d	v2f64	v2f64 a
__builtin_msa_flog2_w	v4f32	v4f32 a
__builtin_msa_fmadd_d	v2f64	v2f64 a, v2f64 b, v2f64 c
__builtin_msa_fmadd_w	v4f32	v4f32 a, v4f32 b, v4f32 c
__builtin_msa_fmax_a_d	v2f64	v2f64 a, v2f64 b
__builtin_msa_fmax_a_w	v4f32	v4f32 a, v4f32 b
__builtin_msa_fmax_d	v2f64	v2f64 a, v2f64 b
__builtin_msa_fmax_w	v4f32	v4f32 a, v4f32 b
__builtin_msa_fmin_a_d	v2f64	v2f64 a, v2f64 b
__builtin_msa_fmin_a_w	v4f32	v4f32 a, v4f32 b
__builtin_msa_fmin_d	v2f64	v2f64 a, v2f64 b
__builtin_msa_fmin_w	v4f32	v4f32 a, v4f32 b
__builtin_msa_fmsub_d	v2f64	v2f64 a, v2f64 b, v2f64 c
__builtin_msa_fmsub_w	v4f32	v4f32 a, v4f32 b, v4f32 c
__builtin_msa_fmul_d	v2f64	v2f64 a, v2f64 b
__builtin_msa_fmul_w	v4f32	v4f32 a, v4f32 b
__builtin_msa_frcp_d	v2f64	v2f64 a
__builtin_msa_frcp_w	v4f32	v4f32 a
__builtin_msa_frint_d	v2f64	v2f64 a
__builtin_msa_frint_w	v4f32	v4f32 a
__builtin_msa_frsqrt_d	v2f64	v2f64 a
__builtin_msa_frsqrt_w	v4f32	v4f32 a
__builtin_msa_fsaf_d	v2i64	v2f64 a, v2f64 b
__builtin_msa_fsaf_w	v4i32	v4f32 a, v4f32 b
__builtin_msa_fseq_d	v2i64	v2f64 a, v2f64 b
__builtin_msa_fseq_w	v4i32	v4f32 a, v4f32 b
__builtin_msa_fsle_d	v2i64	v2f64 a, v2f64 b
__builtin_msa_fsle_w	v4i32	v4f32 a, v4f32 b
__builtin_msa_fslt_d	v2i64	v2f64 a, v2f64 b
__builtin_msa_fslt_w	v4i32	v4f32 a, v4f32 b
__builtin_msa_fsne_d	v2i64	v2f64 a, v2f64 b
__builtin_msa_fsne_w	v4i32	v4f32 a, v4f32 b
__builtin_msa_fsor_d	v2i64	v2f64 a, v2f64 b
__builtin_msa_fsor_w	v4i32	v4f32 a, v4f32 b
__builtin_msa_fsqrt_d	v2f64	v2f64 a
__builtin_msa_fsqrt_w	v4f32	v4f32 a
__builtin_msa_fsub_d	v2f64	v2f64 a, v2f64 b
__builtin_msa_fsub_w	v4f32	v4f32 a, v4f32 b
__builtin_msa_fsueq_d	v2i64	v2f64 a, v2f64 b
__builtin_msa_fsueq_w	v4i32	v4f32 a, v4f32 b
__builtin_msa_fsule_d	v2i64	v2f64 a, v2f64 b
__builtin_msa_fsule_w	v4i32	v4f32 a, v4f32 b
__builtin_msa_fsult_d	v2i64	v2f64 a, v2f64 b
__builtin_msa_fsult_w	v4i32	v4f32 a, v4f32 b
__builtin_msa_fsun_d	v2i64	v2f64 a, v2f64 b
__builtin_msa_fsun_w	v4i32	v4f32 a, v4f32 b
__builtin_msa_fsune_d	v2i64	v2f64 a, v2f64 b
__builtin_msa_fsune_w	v4i32	v4f32 a, v4f32 b
__builtin_msa_ftint_s_d	v2i64	v2f64 a
__builtin_msa_ftint_s_w	v4i32	v4f32 a
__builtin_msa_ftint_u_d	v2u64	v2f64 a
__builtin_msa_ftint_u_w	v4u32	v4f32 a
__builtin_msa_ftq_h	v8i16	v4f32 a, v4f32 b
__builtin_msa_ftq_w	v4i32	v2f64 a, v2f64 b
__builtin_msa_ftrunc_s_d	v2i64	v2f64 a
__builtin_msa_ftrunc_s_w	v4i32	v4f32 a
__builtin_msa_ftrunc_u_d	v2u64	v2f64 a
__builtin_msa_ftrunc_u_w	v4u32	v4f32 a
__builtin_msa_hadd_s_d	v2i64	v4i32 a, v4i32 b
__builtin_msa_hadd_s_h	v8i16	v16i8 a, v16i8 b
__builtin_msa_hadd_s_w	v4i32	v8i16 a, v8i16 b
__builtin_msa_hadd_u_d	v2u64	v4u32 a, v4u32 b
__builtin_msa_hadd_u_h	v8u16	v16u8 a, v16u8 b
__builtin_msa_hadd_u_w	v4u32	v8u16 a, v8u16 b
__builtin_msa_hsub_s_d	v2i64	v4i32 a, v4i32 b
__builtin_msa_hsub_s_h	v8i16	v16i8 a, v16i8 b
__builtin_msa_hsub_s_w	v4i32	v8i16 a, v8i16 b
__builtin_msa_hsub_u_d	v2i64	v4u32 a, v4u32 b
__builtin_msa_hsub_u_h	v8i16	v16u8 a, v16u8 b
__builtin_msa_hsub_u_w	v4i32	v8u16 a, v8u16 b
__builtin_msa_ilvev_b	v16i8	v16i8 a, v16i8 b
__builtin_msa_ilvev_d	v2i64	v2i64 a, v2i64 b
__builtin_msa_ilvev_h	v8i16	v8i16 a, v8i16 b
__builtin_msa_ilvev_w	v4i32	v4i32 a, v4i32 b
__builtin_msa_ilvl_b	v16i8	v16i8 a, v16i8 b
__builtin_msa_ilvl_d	v2i64	v2i64 a, v2i64 b
__builtin_msa_ilvl_h	v8i16	v8i16 a, v8i16 b
__builtin_msa_ilvl_w	v4i32	v4i32 a, v4i32 b
__builtin_msa_ilvod_b	v16i8	v16i8 a, v16i8 b
__builtin_msa_ilvod_d	v2i64	v2i64 a, v2i64 b
__builtin_msa_ilvod_h	v8i16	v8i16 a, v8i16 b
__builtin_msa_ilvod_w	v4i32	v4i32 a, v4i32 b
__builtin_msa_ilvr_b	v16i8	v16i8 a, v16i8 b
__builtin_msa_ilvr_d	v2i64	v2i64 a, v2i64 b
__builtin_msa_ilvr_h	v8i16	v8i16 a, v8i16 b
__builtin_msa_ilvr_w	v4i32	v4i32 a, v4i32 b
__builtin_msa_insert_b	v16i8	v16i8 a, int imm0_15, i32 imm
__builtin_msa_insert_d	v2i64	v2i64 a, int imm0_1, i64 imm
__builtin_msa_insert_h	v8i16	v8i16 a, int imm0_7, i32 imm
__builtin_msa_insert_w	v4i32	v4i32 a, int imm0_3, i32 imm
__builtin_msa_insve_b	v16i8	v16i8 a, int imm0_15, v16i8 b
__builtin_msa_insve_d	v2i64	v2i64 a, int imm0_1, v2i64 b
__builtin_msa_insve_h	v8i16	v8i16 a, int imm0_7, v8i16 b
__builtin_msa_insve_w	v4i32	v4i32 a, int imm0_3, v4i32 b
__builtin_msa_ld_b	v16i8	void * mem, int imm_n512_511
__builtin_msa_ld_d	v2i64	void * mem, int imm_n4096_4088
__builtin_msa_ld_h	v8i16	void * mem, int imm_n1024_1022
__builtin_msa_ld_w	v4i32	void * mem, int imm_n2048_2044
__builtin_msa_ldi_b	v16i8	int imm_n512_511
__builtin_msa_ldi_d	v2i64	int imm_n512_511
__builtin_msa_ldi_h	v8i16	int imm_n512_511
__builtin_msa_ldi_w	v4i32	int imm_n512_511
__builtin_msa_madd_q_h	v8i16	v8i16 a, v8i16 b, v8i16 c
__builtin_msa_madd_q_w	v4i32	v4i32 a, v4i32 b, v4i32 c
__builtin_msa_maddr_q_h	v8i16	v8i16 a, v8i16 b, v8i16 c
__builtin_msa_maddr_q_w	v4i32	v4i32 a, v4i32 b, v4i32 c
__builtin_msa_maddv_b	v16i8	v16i8 a, v16i8 b, v16i8 c
__builtin_msa_maddv_d	v2i64	v2i64 a, v2i64 b, v2i64 c
__builtin_msa_maddv_h	v8i16	v8i16 a, v8i16 b, v8i16 c
__builtin_msa_maddv_w	v4i32	v4i32 a, v4i32 b, v4i32 c
__builtin_msa_max_a_b	v16i8	v16i8 a, v16i8 b
__builtin_msa_max_a_d	v2i64	v2i64 a, v2i64 b
__builtin_msa_max_a_h	v8i16	v8i16 a, v8i16 b
__builtin_msa_max_a_w	v4i32	v4i32 a, v4i32 b
__builtin_msa_max_s_b	v16i8	v16i8 a, v16i8 b
__builtin_msa_max_s_d	v2i64	v2i64 a, v2i64 b
__builtin_msa_max_s_h	v8i16	v8i16 a, v8i16 b
__builtin_msa_max_s_w	v4i32	v4i32 a, v4i32 b
__builtin_msa_max_u_b	v16u8	v16u8 a, v16u8 b
__builtin_msa_max_u_d	v2u64	v2u64 a, v2u64 b
__builtin_msa_max_u_h	v8u16	v8u16 a, v8u16 b
__builtin_msa_max_u_w	v4u32	v4u32 a, v4u32 b
__builtin_msa_maxi_s_b	v16i8	v16i8 a, int imm_n16_15
__builtin_msa_maxi_s_d	v2i64	v2i64 a, int imm_n16_15
__builtin_msa_maxi_s_h	v8i16	v8i16 a, int imm_n16_15
__builtin_msa_maxi_s_w	v4i32	v4i32 a, int imm_n16_15
__builtin_msa_maxi_u_b	v16u8	v16u8 a, int imm0_31
__builtin_msa_maxi_u_d	v2u64	v2u64 a, int imm0_31
__builtin_msa_maxi_u_h	v8u16	v8u16 a, int imm0_31
__builtin_msa_maxi_u_w	v4u32	v4u32 a, int imm0_31
__builtin_msa_min_a_b	v16i8	v16i8 a, v16i8 b
__builtin_msa_min_a_d	v2i64	v2i64 a, v2i64 b
__builtin_msa_min_a_h	v8i16	v8i16 a, v8i16 b
__builtin_msa_min_a_w	v4i32	v4i32 a, v4i32 b
__builtin_msa_min_s_b	v16i8	v16i8 a, v16i8 b
__builtin_msa_min_s_d	v2i64	v2i64 a, v2i64 b
__builtin_msa_min_s_h	v8i16	v8i16 a, v8i16 b
__builtin_msa_min_s_w	v4i32	v4i32 a, v4i32 b
__builtin_msa_min_u_b	v16u8	v16u8 a, v16u8 b
__builtin_msa_min_u_d	v2u64	v2u64 a, v2u64 b
__builtin_msa_min_u_h	v8u16	v8u16 a, v8u16 b
__builtin_msa_min_u_w	v4u32	v4u32 a, v4u32 b
__builtin_msa_mini_s_b	v16i8	v16i8 a, int imm_n16_15
__builtin_msa_mini_s_d	v2i64	v2i64 a, int imm_n16_15
__builtin_msa_mini_s_h	v8i16	v8i16 a, int imm_n16_15
__builtin_msa_mini_s_w	v4i32	v4i32 a, int imm_n16_15
__builtin_msa_mini_u_b	v16u8	v16u8 a, int imm0_31
__builtin_msa_mini_u_d	v2u64	v2u64 a, int imm0_31
__builtin_msa_mini_u_h	v8u16	v8u16 a, int imm0_31
__builtin_msa_mini_u_w	v4u32	v4u32 a, int imm0_31
__builtin_msa_mod_s_b	v16i8	v16i8 a, v16i8 b
__builtin_msa_mod_s_d	v2i64	v2i64 a, v2i64 b
__builtin_msa_mod_s_h	v8i16	v8i16 a, v8i16 b
__builtin_msa_mod_s_w	v4i32	v4i32 a, v4i32 b
__builtin_msa_mod_u_b	v16u8	v16u8 a, v16u8 b
__builtin_msa_mod_u_d	v2u64	v2u64 a, v2u64 b
__builtin_msa_mod_u_h	v8u16	v8u16 a, v8u16 b
__builtin_msa_mod_u_w	v4u32	v4u32 a, v4u32 b
__builtin_msa_move_v	v16i8	v16i8 a
__builtin_msa_msub_q_h	v8i16	v8i16 a, v8i16 b, v8i16 c
__builtin_msa_msub_q_w	v4i32	v4i32 a, v4i32 b, v4i32 c
__builtin_msa_msubr_q_h	v8i16	v8i16 a, v8i16 b, v8i16 c
__builtin_msa_msubr_q_w	v4i32	v4i32 a, v4i32 b, v4i32 c
__builtin_msa_msubv_b	v16i8	v16i8 a, v16i8 b, v16i8 c
__builtin_msa_msubv_d	v2i64	v2i64 a, v2i64 b, v2i64 c
__builtin_msa_msubv_h	v8i16	v8i16 a, v8i16 b, v8i16 c
__builtin_msa_msubv_w	v4i32	v4i32 a, v4i32 b, v4i32 c
__builtin_msa_mul_q_h	v8i16	v8i16 a, v8i16 b
__builtin_msa_mul_q_w	v4i32	v4i32 a, v4i32 b
__builtin_msa_mulr_q_h	v8i16	v8i16 a, v8i16 b
__builtin_msa_mulr_q_w	v4i32	v4i32 a, v4i32 b
__builtin_msa_mulv_b	v16i8	v16i8 a, v16i8 b
__builtin_msa_mulv_d	v2i64	v2i64 a, v2i64 b
__builtin_msa_mulv_h	v8i16	v8i16 a, v8i16 b
__builtin_msa_mulv_w	v4i32	v4i32 a, v4i32 b
__builtin_msa_nloc_b	v16i8	v16i8 a
__builtin_msa_nloc_d	v2i64	v2i64 a
__builtin_msa_nloc_h	v8i16	v8i16 a
__builtin_msa_nloc_w	v4i32	v4i32 a
__builtin_msa_nlzc_b	v16i8	v16i8 a
__builtin_msa_nlzc_d	v2i64	v2i64 a
__builtin_msa_nlzc_h	v8i16	v8i16 a
__builtin_msa_nlzc_w	v4i32	v4i32 a
__builtin_msa_nor_v	v16u8	v16u8 a, v16u8 b
__builtin_msa_nori_b	v16u8	v16u8 a, int imm0_255
__builtin_msa_or_v	v16u8	v16u8 a, v16u8 b
__builtin_msa_ori_b	v16u8	v16u8 a, int imm0_255
__builtin_msa_pckev_b	v16i8	v16i8 a, v16i8 b
__builtin_msa_pckev_d	v2i64	v2i64 a, v2i64 b
__builtin_msa_pckev_h	v8i16	v8i16 a, v8i16 b
__builtin_msa_pckev_w	v4i32	v4i32 a, v4i32 b
__builtin_msa_pckod_b	v16i8	v16i8 a, v16i8 b
__builtin_msa_pckod_d	v2i64	v2i64 a, v2i64 b
__builtin_msa_pckod_h	v8i16	v8i16 a, v8i16 b
__builtin_msa_pckod_w	v4i32	v4i32 a, v4i32 b
__builtin_msa_pcnt_b	v16i8	v16i8 a
__builtin_msa_pcnt_d	v2i64	v2i64 a
__builtin_msa_pcnt_h	v8i16	v8i16 a
__builtin_msa_pcnt_w	v4i32	v4i32 a
__builtin_msa_sat_s_b	v16i8	v16i8 a, int imm0_7
__builtin_msa_sat_s_d	v2i64	v2i64 a, int imm0_63
__builtin_msa_sat_s_h	v8i16	v8i16 a, int imm0_15
__builtin_msa_sat_s_w	v4i32	v4i32 a, int imm0_31
__builtin_msa_sat_u_b	v16u8	v16u8 a, int imm0_7
__builtin_msa_sat_u_d	v2u64	v2u64 a, int imm0_63
__builtin_msa_sat_u_h	v8u16	v8u16 a, int imm0_15
__builtin_msa_sat_u_w	v4u32	v4u32 a, int imm0_31
__builtin_msa_shf_b	v16i8	v16i8 a, int imm0_255
__builtin_msa_shf_h	v8i16	v8i16 a, int imm0_255
__builtin_msa_shf_w	v4i32	v4i32 a, int imm0_255
__builtin_msa_sld_b	v16i8	v16i8 a, v16i8 b, i32 imm
__builtin_msa_sld_d	v2i64	v2i64 a, v2i64 b, i32 imm
__builtin_msa_sld_h	v8i16	v8i16 a, v8i16 b, i32 imm
__builtin_msa_sld_w	v4i32	v4i32 a, v4i32 b, i32 imm
__builtin_msa_sldi_b	v16i8	v16i8 a, v16i8 b, int imm0_15
__builtin_msa_sldi_d	v2i64	v2i64 a, v2i64 b, int imm0_1
__builtin_msa_sldi_h	v8i16	v8i16 a, v8i16 b, int imm0_7
__builtin_msa_sldi_w	v4i32	v4i32 a, v4i32 b, int imm0_3
__builtin_msa_sll_b	v16i8	v16i8 a, v16i8 b
__builtin_msa_sll_d	v2i64	v2i64 a, v2i64 b
__builtin_msa_sll_h	v8i16	v8i16 a, v8i16 b
__builtin_msa_sll_w	v4i32	v4i32 a, v4i32 b
__builtin_msa_slli_b	v16i8	v16i8 a, int imm0_7
__builtin_msa_slli_d	v2i64	v2i64 a, int imm0_63
__builtin_msa_slli_h	v8i16	v8i16 a, int imm0_15
__builtin_msa_slli_w	v4i32	v4i32 a, int imm0_31
__builtin_msa_splat_b	v16i8	v16i8 a, i32 imm
__builtin_msa_splat_d	v2i64	v2i64 a, i32 imm
__builtin_msa_splat_h	v8i16	v8i16 a, i32 imm
__builtin_msa_splat_w	v4i32	v4i32 a, i32 imm
__builtin_msa_splati_b	v16i8	v16i8 a, int imm0_15
__builtin_msa_splati_d	v2i64	v2i64 a, int imm0_1
__builtin_msa_splati_h	v8i16	v8i16 a, int imm0_7
__builtin_msa_splati_w	v4i32	v4i32 a, int imm0_3
__builtin_msa_sra_b	v16i8	v16i8 a, v16i8 b
__builtin_msa_sra_d	v2i64	v2i64 a, v2i64 b
__builtin_msa_sra_h	v8i16	v8i16 a, v8i16 b
__builtin_msa_sra_w	v4i32	v4i32 a, v4i32 b
__builtin_msa_srai_b	v16i8	v16i8 a, int imm0_7
__builtin_msa_srai_d	v2i64	v2i64 a, int imm0_63
__builtin_msa_srai_h	v8i16	v8i16 a, int imm0_15
__builtin_msa_srai_w	v4i32	v4i32 a, int imm0_31
__builtin_msa_srar_b	v16i8	v16i8 a, v16i8 b
__builtin_msa_srar_d	v2i64	v2i64 a, v2i64 b
__builtin_msa_srar_h	v8i16	v8i16 a, v8i16 b
__builtin_msa_srar_w	v4i32	v4i32 a, v4i32 b
__builtin_msa_srari_b	v16i8	v16i8 a, int imm0_7
__builtin_msa_srari_d	v2i64	v2i64 a, int imm0_63
__builtin_msa_srari_h	v8i16	v8i16 a, int imm0_15
__builtin_msa_srari_w	v4i32	v4i32 a, int imm0_31
__builtin_msa_srl_b	v16i8	v16i8 a, v16i8 b
__builtin_msa_srl_d	v2i64	v2i64 a, v2i64 b
__builtin_msa_srl_h	v8i16	v8i16 a, v8i16 b
__builtin_msa_srl_w	v4i32	v4i32 a, v4i32 b
__builtin_msa_srli_b	v16i8	v16i8 a, int imm0_7
__builtin_msa_srli_d	v2i64	v2i64 a, int imm0_63
__builtin_msa_srli_h	v8i16	v8i16 a, int imm0_15
__builtin_msa_srli_w	v4i32	v4i32 a, int imm0_31
__builtin_msa_srlr_b	v16i8	v16i8 a, v16i8 b
__builtin_msa_srlr_d	v2i64	v2i64 a, v2i64 b
__builtin_msa_srlr_h	v8i16	v8i16 a, v8i16 b
__builtin_msa_srlr_w	v4i32	v4i32 a, v4i32 b
__builtin_msa_srlri_b	v16i8	v16i8 a, int imm0_7
__builtin_msa_srlri_d	v2i64	v2i64 a, int imm0_63
__builtin_msa_srlri_h	v8i16	v8i16 a, int imm0_15
__builtin_msa_srlri_w	v4i32	v4i32 a, int imm0_31
__builtin_msa_st_b	void	v16i8 a, void * mem, int imm_n512_511
__builtin_msa_st_d	void	v2i64 a, void * mem, int imm_n4096_4088
__builtin_msa_st_h	void	v8i16 a, void * mem, int imm_n1024_1022
__builtin_msa_st_w	void	v4i32 a, void * mem, int imm_n2048_2044
__builtin_msa_subs_s_b	v16i8	v16i8 a, v16i8 b
__builtin_msa_subs_s_d	v2i64	v2i64 a, v2i64 b
__builtin_msa_subs_s_h	v8i16	v8i16 a, v8i16 b
__builtin_msa_subs_s_w	v4i32	v4i32 a, v4i32 b
__builtin_msa_subs_u_b	v16u8	v16u8 a, v16u8 b
__builtin_msa_subs_u_d	v2u64	v2u64 a, v2u64 b
__builtin_msa_subs_u_h	v8u16	v8u16 a, v8u16 b
__builtin_msa_subs_u_w	v4u32	v4u32 a, v4u32 b
__builtin_msa_subsus_u_b	v16u8	v16u8 a, v16i8 b
__builtin_msa_subsus_u_d	v2u64	v2u64 a, v2i64 b
__builtin_msa_subsus_u_h	v8u16	v8u16 a, v8i16 b
__builtin_msa_subsus_u_w	v4u32	v4u32 a, v4i32 b
__builtin_msa_subsuu_s_b	v16i8	v16u8 a, v16u8 b
__builtin_msa_subsuu_s_d	v2i64	v2u64 a, v2u64 b
__builtin_msa_subsuu_s_h	v8i16	v8u16 a, v8u16 b
__builtin_msa_subsuu_s_w	v4i32	v4u32 a, v4u32 b
__builtin_msa_subv_b	v16i8	v16i8 a, v16i8 b
__builtin_msa_subv_d	v2i64	v2i64 a, v2i64 b
__builtin_msa_subv_h	v8i16	v8i16 a, v8i16 b
__builtin_msa_subv_w	v4i32	v4i32 a, v4i32 b
__builtin_msa_subvi_b	v16i8	v16i8 a, int imm0_31
__builtin_msa_subvi_d	v2i64	v2i64 a, int imm0_31
__builtin_msa_subvi_h	v8i16	v8i16 a, int imm0_31
__builtin_msa_subvi_w	v4i32	v4i32 a, int imm0_31
__builtin_msa_vshf_b	v16i8	v16i8 a, v16i8 b, v16i8 c
__builtin_msa_vshf_d	v2i64	v2i64 a, v2i64 b, v2i64 c
__builtin_msa_vshf_h	v8i16	v8i16 a, v8i16 b, v8i16 c
__builtin_msa_vshf_w	v4i32	v4i32 a, v4i32 b, v4i32 c
__builtin_msa_xor_v	v16u8	v16u8 a, v16u8 b
__builtin_msa_xori_b	v16u8	v16u8 a, int imm0_255
